{
  "project_info": {
    "project_number": "330924766376",
    "project_id": "crud2-ec557",
    "storage_bucket": "crud2-ec557.appspot.com"
  },
  "client": [
    {
      "client_info": {
        "mobilesdk_app_id": "1:330924766376:android:620584a2e265e14f7f7e9d",
        "android_client_info": {
          "package_name": "com.example.crud2"
        }
      },
      "oauth_client": [],
      "api_key": [
        {
          "current_key": "AIzaSyCqz4szA8KMl9v435IMcxhslYJHZu_swyc"
        }
      ],
      "services": {
        "appinvite_service": {
          "other_platform_oauth_client": []
        }
      }
    }
  ],
  "configuration_version": "1"
}